,City,Country,Date,Latitude,Longitude,Cloudiness (%),Humidity (%),Max Temp (F),Wind Speed (mph)
0,pokhara,NP,2022-06-19 22:51:59,28.2333,83.9833,96,84,73.14800000000002,2.71
1,manzanillo,CU,2022-06-19 22:52:00,20.3433,-77.1167,100,78,76.19000000000003,0.14
2,rikitea,PF,2022-06-19 22:52:00,-23.1203,-134.9692,100,73,72.68000000000004,6.05
3,carnarvon,AU,2022-06-19 22:52:01,-24.8667,113.6333,1,70,68.59399999999997,5.59
4,hami,CN,2022-06-19 22:52:02,42.8,93.45,100,11,89.29399999999998,2.14
5,troitsko-pechorsk,RU,2022-06-19 22:52:02,62.7084,56.1964,100,57,64.45399999999995,1.23
6,busselton,AU,2022-06-19 22:52:03,-33.65,115.3333,85,67,60.16999999999996,2.99
7,arraial do cabo,BR,2022-06-19 22:52:04,-22.9661,-42.0278,100,94,66.434,3.09
8,butaritari,KI,2022-06-19 22:52:05,3.0707,172.7902,21,79,80.924,3.51
9,dicabisagan,PH,2022-06-19 22:52:05,17.0818,122.4157,34,84,82.02200000000005,2.44
10,kibuye,RW,2022-06-19 22:52:06,-2.0597,29.3482,99,65,71.618,0.48
11,barrow,US,2022-06-19 22:52:07,71.2906,-156.7887,100,80,34.088000000000044,4.63
12,airai,TL,2022-06-19 22:52:08,-8.9266,125.4092,100,86,59.342,1.13
13,louisbourg,,,,,,,,
14,meadow lake,US,2022-06-19 22:52:09,34.8014,-106.5436,100,62,63.661999999999956,0.89
15,rong kwang,TH,2022-06-19 22:52:09,18.339,100.3174,76,86,77.66600000000001,1.12
16,arman,RU,2022-06-19 22:52:10,59.7,150.1667,100,96,46.291999999999994,1.94
17,kitimat,CA,2022-06-19 22:52:11,54.0524,-128.6534,97,34,55.184,0.45
18,tasiilaq,GL,2022-06-19 22:52:12,65.6145,-37.6368,43,76,42.674000000000014,0.59
19,meulaboh,ID,2022-06-19 22:52:12,4.1363,96.1285,100,84,78.20600000000003,2.11
20,nanortalik,GL,2022-06-19 22:52:13,60.1432,-45.2371,100,95,43.37599999999999,4.04
21,soisy-sous-montmorency,FR,2022-06-19 22:52:14,48.9881,2.3016,0,67,70.75399999999996,10.29
22,tacarigua,VE,2022-06-19 22:52:14,10.0862,-67.9198,40,78,73.70600000000003,1.03
23,hithadhoo,MV,2022-06-19 22:52:15,-0.6,73.0833,100,66,84.14600000000004,2.12
24,qaanaaq,GL,2022-06-19 22:52:16,77.484,-69.3632,74,87,35.041999999999994,3.27
25,bethel,US,2022-06-19 22:49:40,41.3712,-73.414,0,65,58.73000000000005,5.66
26,bonavista,CA,2022-06-19 22:52:17,48.6499,-53.1147,80,87,56.101999999999975,7.94
27,itoman,JP,2022-06-19 22:52:18,26.1247,127.6694,40,92,83.44399999999997,4.12
28,aramecina,HN,2022-06-19 22:52:19,13.7422,-87.7103,100,88,76.00999999999999,0.26
29,chokurdakh,RU,2022-06-19 22:52:19,70.6333,147.9167,100,96,54.62599999999999,4.69
30,tuktoyaktuk,CA,2022-06-19 22:52:20,69.4541,-133.0374,100,89,36.211999999999954,5.26
31,belushya guba,,,,,,,,
32,sindor,RU,2022-06-19 22:52:21,62.8629,51.8905,100,49,61.12400000000001,2.06
33,upernavik,GL,2022-06-19 22:52:22,72.7868,-56.1549,34,88,34.285999999999966,3
34,ixtapa,MX,2022-06-19 22:52:23,20.7,-105.2,99,83,79.50199999999998,1.06
35,prabumulih,ID,2022-06-19 22:52:23,-3.45,104.25,100,95,76.15399999999995,1.41
36,yellowknife,CA,2022-06-19 22:52:24,62.456,-114.3525,20,63,59.82799999999996,3.09
37,yuci,CN,2022-06-19 22:52:25,37.6803,112.7319,0,48,86.01799999999999,5
38,east london,ZA,2022-06-19 22:52:26,-33.0153,27.9116,0,52,65.60600000000002,5.66
39,tommot,RU,2022-06-19 22:52:26,58.9564,126.2925,0,72,62.07799999999996,2.66
40,aksarka,RU,2022-06-19 22:52:27,66.5606,67.7975,100,71,65.984,1.81
41,tumpat,MY,2022-06-19 22:52:28,6.1978,102.171,20,74,84.45199999999997,2.06
42,kenai,US,2022-06-19 22:52:28,60.5544,-151.2583,100,95,48.524000000000015,0
43,dawlatabad,AF,2022-06-19 22:52:29,36.4141,64.9053,55,24,90.66199999999995,2.33
44,palabuhanratu,,,,,,,,
45,srednekolymsk,RU,2022-06-19 22:52:30,67.45,153.6833,100,50,57.01999999999996,5.47
46,sayyan,YE,2022-06-19 22:52:31,15.1718,44.3244,93,12,80.618,7.41
47,georgetown,MY,2022-06-19 22:51:20,5.4112,100.3354,20,79,84.41600000000001,3.13
48,mount gambier,AU,2022-06-19 22:52:32,-37.8333,140.7667,100,66,53.54600000000005,6.46
49,khatanga,RU,2022-06-19 22:52:33,71.9667,102.5,22,46,49.02799999999996,3.06
50,nikolskoye,RU,2022-06-19 22:52:34,59.7035,30.7861,63,39,63.05,6.8
51,caravelas,BR,2022-06-19 22:52:34,-17.7125,-39.2481,8,61,78.83599999999997,2.69
52,bambous virieux,MU,2022-06-19 22:52:35,-20.3428,57.7575,75,68,75.48800000000006,5.66
53,hilo,US,2022-06-19 22:52:36,19.7297,-155.09,100,83,75.542,2.57
54,bubaque,GW,2022-06-19 22:52:37,11.2833,-15.8333,100,84,78.94399999999997,8.15
55,pisco,PE,2022-06-19 22:47:48,-13.7,-76.2167,75,87,57.29000000000002,2.57
56,kemijarvi,FI,2022-06-19 22:52:38,66.7131,27.4306,99,41,60.727999999999966,4.63
57,vaini,TO,2022-06-19 22:52:38,-21.2,-175.2,75,88,77.43200000000002,3.6
58,kaeo,NZ,2022-06-19 22:50:10,-35.1,173.7833,100,93,57.83000000000004,4.88
59,sao felix do xingu,BR,2022-06-19 22:52:40,-6.6447,-51.995,23,52,84.29000000000002,1.76
60,hermanus,ZA,2022-06-19 22:52:40,-34.4187,19.2345,79,67,61.069999999999965,1.62
61,katangli,RU,2022-06-19 22:52:41,51.7102,143.2326,100,96,44.024000000000015,4.2
62,provideniya,RU,2022-06-19 22:52:42,64.3833,-173.3,6,71,49.064000000000036,3.13
63,codrington,AU,2022-06-19 22:52:43,-38.2667,141.9667,100,68,53.83399999999999,6.41
64,namatanai,PG,2022-06-19 22:52:43,-3.6667,152.4333,35,82,79.05199999999998,1.57
65,ribeira grande,PT,2022-06-19 22:52:44,38.5167,-28.7,40,60,68.66600000000001,10.29
66,tamale,GH,2022-06-19 22:52:45,9.4008,-0.8393,100,67,81.93200000000002,2.45
67,saldanha,ZA,2022-06-19 22:52:45,-33.0117,17.9442,0,68,61.12400000000001,5.61
68,grand river south east,,,,,,,,
69,jamestown,US,2022-06-19 22:52:47,42.097,-79.2353,0,64,58.85600000000003,3.6
70,kahului,US,2022-06-19 22:52:47,20.8947,-156.47,20,79,77.108,4.63
71,marcona,,,,,,,,
72,narsaq,GL,2022-06-19 22:52:49,60.9167,-46.05,100,97,43.75399999999995,1.99
73,faanui,PF,2022-06-19 22:52:49,-16.4833,-151.75,25,77,78.99800000000002,10
74,idrinskoye,RU,2022-06-19 22:52:50,54.3708,92.1358,44,82,64.58000000000004,1.78
75,hakvik,,,,,,,,
76,mackay,AU,2022-06-19 22:52:51,-21.15,149.2,84,79,68.52200000000005,6.79
77,jiayuguan,CN,2022-06-19 22:52:52,39.8167,98.3,100,28,76.316,5.69
78,bandarbeyla,SO,2022-06-19 22:52:53,9.4942,50.8122,98,51,87.94399999999997,12.67
79,severo-kurilsk,RU,2022-06-19 22:52:53,50.6789,156.125,100,97,47.516000000000005,1.3
80,lakselv,NO,2022-06-19 22:52:54,70.0513,24.9718,75,58,53.690000000000026,4.63
81,emba,KZ,2022-06-19 22:52:55,48.8264,58.1442,100,39,74.46199999999996,7.36
82,ponta do sol,PT,2022-06-19 22:52:55,32.6667,-17.1,93,70,74.39000000000001,2.17
83,lavrentiya,RU,2022-06-19 22:52:56,65.5833,-171,35,58,48.685999999999964,2.21
84,blackwater,AU,2022-06-19 22:52:57,-23.5833,148.8833,26,69,56.96600000000001,3.19
85,swan hill,AU,2022-06-19 22:52:58,-35.3378,143.5544,100,76,50.01799999999999,3.59
86,lebu,CL,2022-06-19 22:51:52,-37.6167,-73.65,100,88,49.31600000000001,4.68
87,manado,ID,2022-06-19 22:52:59,1.487,124.8455,40,94,78.04399999999998,1.03
88,san ramon,US,2022-06-19 22:50:19,37.7799,-121.978,0,88,55.022000000000034,2.06
89,alcudia,ES,2022-06-19 22:53:00,39.8532,3.1214,2,50,95.64800000000002,9.24
90,umzimvubu,,,,,,,,
91,petropavlovsk-kamchatskiy,RU,2022-06-19 22:53:01,53.0452,158.6483,75,82,54.464000000000034,2
92,mahebourg,MU,2022-06-19 22:53:02,-20.4081,57.7,75,68,75.52400000000002,5.66
93,port macquarie,AU,2022-06-19 22:53:03,-31.4333,152.9167,100,86,53.167999999999985,4.36
94,lompoc,US,2022-06-19 22:53:04,34.6391,-120.4579,100,84,52.05199999999998,4.47
95,mataura,NZ,2022-06-19 22:53:04,-46.1927,168.8643,72,97,39.758,0.12
96,peniche,PT,2022-06-19 22:48:11,39.3558,-9.3811,1,81,73.34600000000006,5.16
97,aksu,CN,2022-06-19 22:51:23,41.1231,80.2644,100,36,74.22799999999997,2.53
98,samusu,,,,,,,,
99,norman wells,CA,2022-06-19 22:53:06,65.282,-126.8329,75,71,53.906000000000034,1.54
100,casper,US,2022-06-19 22:53:07,42.8666,-106.3131,93,52,68.99000000000002,1.34
101,ancud,CL,2022-06-19 22:53:08,-41.8697,-73.8203,37,89,39.48800000000004,2.19
102,kabardinka,RU,2022-06-19 22:53:09,44.6514,37.9428,84,43,82.85,3.51
103,vorukh,TJ,2022-06-19 22:53:09,39.8494,70.5838,99,44,71.69000000000003,0.87
104,mar del plata,AR,2022-06-19 22:53:10,-38.0023,-57.5575,0,81,37.688000000000045,5.14
105,kapaa,US,2022-06-19 22:53:11,22.0752,-159.319,27,82,75.74000000000002,1.79
106,kavieng,PG,2022-06-19 22:53:12,-2.5744,150.7967,42,77,81.68000000000004,3.07
107,pevek,RU,2022-06-19 22:53:12,69.7008,170.3133,100,79,39.45199999999998,1.29
108,moron,AR,2022-06-19 22:50:05,-34.6534,-58.6198,24,62,52.28599999999997,4.11
109,tura,IN,2022-06-19 22:53:13,25.5198,90.2201,25,93,73.81400000000004,3.63
110,cardston,CA,2022-06-19 22:53:14,49.2,-113.3019,100,77,54.158,2.77
111,opuwo,NA,2022-06-19 22:53:15,-18.0607,13.84,0,17,79.25,5.43
112,cabo san lucas,MX,2022-06-19 22:51:38,22.8909,-109.9124,59,83,78.78200000000001,1.34
113,barentsburg,,,,,,,,
114,glendive,US,2022-06-19 22:53:17,47.1053,-104.7125,0,93,71.45600000000003,5.66
115,illoqqortoormiut,,,,,,,,
116,half moon bay,US,2022-06-19 22:53:18,37.4636,-122.4286,40,88,55.13000000000004,3.09
117,denpasar,ID,2022-06-19 22:48:38,-8.65,115.2167,40,89,82.32799999999997,5.14
118,bengkulu,ID,2022-06-19 22:53:19,-3.8004,102.2655,100,89,77.18000000000004,1.34
119,pacifica,US,2022-06-19 22:48:33,37.6138,-122.4869,20,90,55.85,3.09
120,banda aceh,ID,2022-06-19 22:53:20,5.5577,95.3222,99,68,81.21199999999996,0.35
121,castro,BR,2022-06-19 22:53:21,-24.7911,-50.0119,97,81,53.63599999999997,4.34
122,victoria,HK,2022-06-19 22:49:02,22.2855,114.1577,100,84,86.59399999999997,5.36
123,sakakah,SA,2022-06-19 22:53:22,29.9697,40.2064,0,8,112.83800000000005,6.32
124,flin flon,CA,2022-06-19 22:53:23,54.7682,-101.865,40,88,59.108000000000004,1.54
125,bagdarin,RU,2022-06-19 22:53:24,54.4333,113.6,100,60,60.78200000000002,1.89
126,vila velha,BR,2022-06-19 22:53:24,-20.3297,-40.2925,40,83,79.01600000000002,6.26
127,buala,SB,2022-06-19 22:53:25,-8.145,159.5921,8,81,79.77200000000005,1.43
128,hamilton,US,2022-06-19 22:51:18,39.1834,-84.5333,20,53,65.15600000000003,2.57
129,atuona,PF,2022-06-19 22:53:26,-9.8,-139.0333,44,74,77.77400000000002,7.69
130,calvia,ES,2022-06-19 22:53:27,39.5657,2.5062,0,42,94.35199999999998,5.42
131,puerto ayora,EC,2022-06-19 22:53:28,-0.7393,-90.3518,89,98,69.81799999999998,2.24
132,sinnamary,GF,2022-06-19 22:53:28,5.3833,-52.95,100,92,76.118,3.36
133,pokanayevka,,,,,,,,
134,albany,US,2022-06-19 22:49:21,42.6001,-73.9662,17,60,57.056000000000026,0.89
135,kakonko,TZ,2022-06-19 22:53:30,-3.2828,30.9642,100,35,81.91400000000004,2.41
136,miquelon,PM,2022-06-19 22:53:31,47.0975,-56.3814,100,94,55.66999999999996,13.63
137,bartlesville,US,2022-06-19 22:52:47,36.7473,-95.9808,0,87,78.29600000000005,0.89
138,bajo baudo,,,,,,,,
139,livingston,GB,2022-06-19 22:53:32,55.9029,-3.5226,40,55,61.86199999999995,3.09
140,klaksvik,FO,2022-06-19 22:53:33,62.2266,-6.589,61,90,49.38800000000005,5.54
141,junqueiropolis,BR,2022-06-19 22:53:34,-21.5147,-51.4336,0,59,66.84800000000003,4.6
142,saskylakh,RU,2022-06-19 22:53:35,71.9167,114.0833,14,56,41.09000000000002,6.72
143,kyaikto,MM,2022-06-19 22:53:35,17.3,97.0167,100,86,77.97200000000004,1.03
144,alofi,NU,2022-06-19 22:53:36,-19.0595,-169.9187,73,94,75.36199999999997,3.6
145,mishan,CN,2022-06-19 22:53:37,45.55,131.8833,5,88,57.91999999999996,0.71
146,itaituba,BR,2022-06-19 22:53:38,-4.2761,-55.9836,20,78,82.83200000000002,0
147,kajaani,FI,2022-06-19 22:53:38,64.2273,27.7285,100,87,53.924000000000014,6.69
148,thompson,CA,2022-06-19 22:53:39,55.7435,-97.8558,75,72,61.23200000000001,1.03
149,tuatapere,NZ,2022-06-19 22:53:40,-46.1333,167.6833,100,89,45.535999999999966,0.94
150,karratha,AU,2022-06-19 22:53:40,-20.7377,116.8463,0,50,76.55000000000001,1.76
151,the valley,AI,2022-06-19 22:53:41,18.217,-63.0578,20,69,85.36999999999996,7.2
152,wonthaggi,AU,2022-06-19 22:53:42,-38.6044,145.5913,100,84,50.09000000000002,3.04
153,visby,SE,2022-06-19 22:53:43,57.6409,18.296,20,77,60.33200000000002,4.63
154,fengzhen,CN,2022-06-19 22:53:43,40.4394,113.1536,85,40,77.66600000000001,3.79
155,haines junction,CA,2022-06-19 22:53:44,60.7522,-137.5108,15,81,37.61600000000001,0.51
156,las palmas,ES,2022-06-19 22:53:45,28.4204,-14.0131,20,73,72.66199999999995,8.75
157,waddan,LY,2022-06-19 22:53:45,29.1614,16.139,17,13,96.33200000000002,1.41
158,bathsheba,BB,2022-06-19 22:53:46,13.2167,-59.5167,75,65,85.08200000000002,9.26
159,lagoa,PT,2022-06-19 22:53:47,39.05,-27.9833,54,73,63.03200000000002,9.07
160,walvis bay,NA,2022-06-19 22:53:47,-22.9575,14.5053,3,69,60.36799999999998,6.65
161,urumqi,CN,2022-06-19 22:50:02,43.801,87.6005,0,28,80.02400000000002,4
162,sehithwa,BW,2022-06-19 22:53:49,-20.4667,22.7167,0,15,84.03800000000004,3.32
163,ilulissat,GL,2022-06-19 22:53:49,69.2167,-51.1,67,66,38.60600000000003,3.5
164,puerto escondido,MX,2022-06-19 22:53:50,15.85,-97.0667,99,82,79.32200000000003,1.85
165,dikson,RU,2022-06-19 22:53:51,73.5069,80.5464,100,76,38.443999999999974,4.47
166,marienberg,DE,2022-06-19 22:53:52,50.65,13.1667,1,29,95.0,5.33
167,manavgat,TR,2022-06-19 22:53:52,36.7867,31.4431,0,63,83.11999999999996,4.91
168,new norfolk,AU,2022-06-19 22:53:53,-42.7826,147.0587,59,79,54.193999999999974,1.79
169,hasaki,JP,2022-06-19 22:53:54,35.7333,140.8333,100,87,73.56199999999995,7.27
170,guarapari,BR,2022-06-19 22:53:54,-20.6667,-40.4975,90,86,74.15600000000003,4.57
171,davila,PH,2022-06-19 22:53:55,18.4726,120.5763,100,74,84.45199999999997,1.26
172,orlik,RU,2022-06-19 22:53:56,52.5178,99.825,87,58,60.20600000000003,2.69
173,alotau,,,,,,,,
174,torbay,CA,2022-06-19 22:53:57,47.6666,-52.7314,75,78,71.54600000000005,10.29
175,cape town,ZA,2022-06-19 22:49:01,-33.9258,18.4232,20,57,65.15600000000003,4.63
176,kieta,PG,2022-06-19 22:53:58,-6.2167,155.6333,13,83,78.44000000000003,0.84
177,uthal,PK,2022-06-19 22:53:59,25.8072,66.6219,0,63,88.79000000000002,8.23
178,el fuerte,MX,2022-06-19 22:54:00,26.4189,-108.6194,100,64,82.65199999999999,0.34
179,hobart,AU,2022-06-19 22:54:00,-42.8794,147.3294,40,77,54.53599999999997,6.17
180,katsuura,JP,2022-06-19 22:54:01,35.1333,140.3,100,88,72.37400000000002,7.63
181,palu,ID,2022-06-19 22:54:02,-0.8917,119.8707,97,97,75.50600000000003,0.64
182,murray bridge,AU,2022-06-19 22:54:03,-35.1167,139.2667,75,73,56.60600000000003,8.13
183,sentyabrskiy,,,,,,,,
184,saint-augustin,CA,2022-06-19 22:54:04,51.226,-58.6502,100,95,53.50999999999998,4.93
185,monte alegre,BR,2022-06-19 22:54:04,-2.0078,-54.0692,99,76,79.39399999999998,2.12
186,ulladulla,AU,2022-06-19 22:54:05,-35.35,150.4667,100,81,56.3,0.1
187,truth or consequences,US,2022-06-19 22:53:00,33.1284,-107.2528,100,94,64.90399999999995,2.57
188,yulara,AU,2022-06-19 22:54:06,-25.2406,130.9889,100,29,64.02200000000005,2.67
189,geraldton,AU,2022-06-19 22:54:07,-28.7667,114.6,75,88,59.684,4.12
190,sydney,AU,2022-06-19 22:53:19,-33.8679,151.2073,75,91,56.983999999999995,3.09
191,taolanaro,,,,,,,,
192,college,US,2022-06-19 22:54:09,64.8569,-147.8028,0,90,52.39399999999998,2.06
193,lata,PT,2022-06-19 22:54:10,40.1629,-8.3327,95,52,71.07799999999997,3.46
194,bilma,NE,2022-06-19 22:54:10,18.6853,12.9164,1,8,104.91799999999999,6.54
195,pangnirtung,CA,2022-06-19 22:54:11,66.1451,-65.7125,99,73,39.79399999999997,0.69
196,mokolo,CM,2022-06-19 22:54:12,10.7398,13.8019,100,30,92.53399999999999,3.2
197,douentza,ML,2022-06-19 22:54:12,14.9951,-2.9517,16,34,95.61199999999997,2.43
198,hovd,MN,2022-06-19 22:54:13,48.0056,91.6419,100,22,73.99399999999997,10.79
199,amderma,,,,,,,,
200,samarai,PG,2022-06-19 22:54:14,-10.6167,150.6667,68,82,80.54600000000005,4.88
201,nome,US,2022-06-19 22:53:21,64.5011,-165.4064,28,58,53.564000000000036,1.74
202,hermiston,US,2022-06-19 22:54:16,45.8404,-119.2895,96,77,56.227999999999966,1.79
203,stepnyak,KZ,2022-06-19 22:54:16,52.8339,70.7803,25,46,78.49399999999997,1.41
204,sept-iles,CA,2022-06-19 22:54:17,50.2001,-66.3821,100,90,45.31999999999996,6.69
205,avera,US,2022-06-19 22:54:18,33.194,-82.5271,0,31,72.82400000000001,6.32
206,dandong,CN,2022-06-19 22:52:05,40.1292,124.3947,5,96,67.35199999999998,1.03
207,karaul,,,,,,,,
208,kandrian,PG,2022-06-19 22:54:20,-6.2167,149.55,6,88,77.45,1.63
209,axim,GH,2022-06-19 22:54:20,4.8699,-2.2405,100,67,82.75999999999999,2.15
210,quatre cocos,MU,2022-06-19 22:54:21,-20.2078,57.7625,91,68,74.35399999999996,6.53
211,nishihara,JP,2022-06-19 22:54:22,26.1842,127.7558,75,91,82.72400000000002,5.66
212,byron bay,AU,2022-06-19 22:48:12,-28.65,153.6167,63,82,58.208000000000006,4.15
213,merritt island,US,2022-06-19 22:54:23,28.5392,-80.672,0,73,81.26600000000002,3.09
214,beringovskiy,RU,2022-06-19 22:54:24,63.05,179.3167,100,87,45.338000000000044,5.56
215,lazaro cardenas,MX,2022-06-19 22:54:24,17.9583,-102.2,21,84,76.87400000000002,1.02
216,santa marta,CO,2022-06-19 22:54:25,11.2408,-74.199,40,83,80.924,2.06
217,gushikawa,JP,2022-06-19 22:54:26,26.3544,127.8686,75,87,82.66999999999996,5.66
218,punta arenas,CL,2022-06-19 22:53:51,-53.15,-70.9167,75,80,35.977999999999966,8.75
219,avarua,CK,2022-06-19 22:54:27,-21.2078,-159.775,75,69,75.52400000000002,4.12
220,grindavik,IS,2022-06-19 22:54:28,63.8424,-22.4338,100,100,52.016000000000005,7.72
221,guerrero negro,MX,2022-06-19 22:54:28,27.9769,-114.0611,6,84,62.54600000000005,4.48
222,paita,PE,2022-06-19 22:54:29,-5.0892,-81.1144,95,79,64.09399999999997,5.33
223,russell,US,2022-06-19 22:54:30,32.3502,-85.1999,0,53,74.28200000000001,2.57
224,baruun-urt,MN,2022-06-19 22:54:31,46.6806,113.2792,100,22,83.91199999999995,7.01
225,huilong,CN,2022-06-19 22:54:32,31.8111,121.655,100,93,77.19800000000004,4.34
226,la ronge,CA,2022-06-19 22:54:32,55.1001,-105.2842,100,94,61.28599999999997,2.06
227,fortuna,US,2022-06-19 22:54:33,40.5982,-124.1573,100,82,55.92200000000004,0.89
228,luwuk,ID,2022-06-19 22:54:34,-0.9516,122.7875,100,90,77.07200000000003,1.94
229,yambio,SS,2022-06-19 22:54:34,4.5721,28.3955,100,83,72.89600000000004,1.63
230,bac lieu,VN,2022-06-19 22:54:35,9.285,105.7244,17,74,84.16400000000004,3.35
231,banjar,ID,2022-06-19 22:54:36,-8.19,114.9675,99,90,77.66600000000001,1.63
232,chengde,CN,2022-06-19 22:54:37,40.9725,117.9361,2,79,75.99199999999999,1.41
233,lamu,KE,2022-06-19 22:54:19,-2.2717,40.902,100,70,82.88599999999997,7.04
234,chimbote,PE,2022-06-19 22:54:38,-9.0853,-78.5783,91,83,62.81600000000001,3.78
235,taitung,TW,2022-06-19 22:54:39,22.7583,121.1444,20,94,81.14000000000001,1.03
236,naze,JP,2022-06-19 22:54:39,28.3667,129.4833,100,90,76.38800000000005,4.2
237,ust-nera,RU,2022-06-19 22:54:40,64.5667,143.2,100,61,60.25999999999998,3.71
238,aklavik,CA,2022-06-19 22:54:41,68.2191,-135.0107,97,74,43.71799999999998,7.34
239,vanino,RU,2022-06-19 22:54:41,49.0869,140.2543,100,99,49.658,1.44
240,pontes e lacerda,BR,2022-06-19 22:54:04,-15.2261,-59.3353,5,67,74.40800000000002,1.28
241,chuy,UY,2022-06-19 22:54:43,-33.6971,-53.4616,14,53,47.84000000000002,4.11
242,marsh harbour,BS,2022-06-19 22:54:43,26.5412,-77.0636,98,74,82.00399999999996,2.3
243,te anau,NZ,2022-06-19 22:50:08,-45.4167,167.7167,43,95,36.35600000000003,1.9
244,saint george,US,2022-06-19 22:51:02,37.1041,-113.5841,0,27,67.51400000000004,3.09
245,longyearbyen,SJ,2022-06-19 22:54:45,78.2186,15.6401,75,81,41.108000000000004,4.12
246,bundaberg,AU,2022-06-19 22:54:46,-24.85,152.35,13,94,58.477999999999966,0.89
247,lagos,NG,2022-06-19 22:48:27,6.5833,3.75,98,74,84.79399999999998,2.75
248,zhicheng,CN,2022-06-19 22:54:47,30.2956,111.5047,71,92,77.28800000000004,0.8
249,panguipulli,CL,2022-06-19 22:54:48,-39.6333,-72.3333,100,98,44.27599999999999,1.31
250,leningradskiy,RU,2022-06-19 22:54:48,69.3833,178.4167,90,86,42.65600000000003,2.73
251,itaporanga,BR,2022-06-19 22:54:49,-7.3044,-38.1503,30,51,84.68599999999998,3.12
252,cockburn town,TC,2022-06-19 22:54:50,21.4612,-71.1419,100,78,81.76999999999995,7.82
253,kidero,RU,2022-06-19 22:54:51,42.1932,45.9614,64,72,62.564000000000036,2.21
254,clyde river,CA,2022-06-19 22:54:51,70.4692,-68.5914,20,61,45.10399999999995,7.2
255,broken hill,AU,2022-06-19 22:54:52,-31.95,141.4333,100,55,54.446000000000055,3.97
256,grand gaube,MU,2022-06-19 22:54:53,-20.0064,57.6608,40,64,74.642,2.24
257,palauig,PH,2022-06-19 22:54:53,15.435,119.9045,29,75,83.87599999999999,0.91
258,pangai,TO,2022-06-19 22:54:54,-19.8,-174.35,75,89,79.17799999999997,7.2
259,san juan,AR,2022-06-19 22:54:03,-31.5375,-68.5364,0,26,52.069999999999965,2.88
260,caucaia,BR,2022-06-19 22:54:55,-3.7361,-38.6531,75,70,85.56799999999998,5.66
261,hualmay,PE,2022-06-19 22:54:56,-11.0964,-77.6139,19,78,62.50999999999998,3.47
262,santa,PH,2022-06-19 22:54:57,17.486,120.4348,87,81,85.28000000000004,0.89
263,viligili,,,,,,,,
264,saint-philippe,RE,2022-06-19 22:54:58,-21.3585,55.7679,3,71,75.05600000000004,5.88
265,saleaula,,,,,,,,
266,tabiauea,,,,,,,,
267,dukat,RU,2022-06-19 22:55:00,62.55,155.55,37,94,40.94600000000005,1
268,zhuhai,CN,2022-06-19 22:55:00,22.2769,113.5678,40,94,87.13399999999999,3.09
269,bismarck,US,2022-06-19 22:55:01,46.8083,-100.7837,0,65,78.92599999999999,5.14
270,ranong,TH,2022-06-19 22:55:02,9.9658,98.6348,100,83,84.39800000000002,2.35
271,meyungs,,,,,,,,
272,kudahuvadhoo,MV,2022-06-19 22:55:03,2.6708,72.8944,100,68,84.03800000000004,3.76
273,cidreira,BR,2022-06-19 22:55:04,-30.1811,-50.2056,32,65,53.34800000000003,2.62
274,moree,AU,2022-06-19 22:55:04,-29.4667,149.85,100,67,56.33599999999997,2.35
275,riwaka,NZ,2022-06-19 22:55:05,-41.0833,173,2,86,42.27799999999996,2.54
276,magalia,US,2022-06-19 22:55:06,39.8121,-121.5783,0,61,48.57799999999996,2.65
277,mitu,CO,2022-06-19 22:55:07,1.1983,-70.1733,57,89,75.70399999999995,0.15
278,talnakh,RU,2022-06-19 22:55:07,69.4865,88.3972,100,26,61.483999999999995,2.86
279,juquitiba,BR,2022-06-19 22:55:08,-23.9317,-47.0683,100,98,61.64600000000005,1.32
280,rameswaram,IN,2022-06-19 22:55:09,9.2833,79.3,92,80,83.13800000000005,9.4
281,andenes,NO,2022-06-19 22:55:10,69.3143,16.1194,75,87,50.25199999999998,5.14
282,omsukchan,RU,2022-06-19 22:55:10,62.5333,155.8,33,93,41.377999999999965,0.55
283,yellapur,IN,2022-06-19 22:55:11,14.9667,74.7167,63,75,77.26999999999995,3.34
284,akyab,MM,2022-06-19 22:55:12,20.15,92.9,100,82,81.23000000000005,4.15
285,sitka,US,2022-06-19 22:55:12,57.0531,-135.33,100,82,50.900000000000006,1.45
286,ginda,IN,2022-06-19 22:55:13,30.6945,78.4932,99,73,65.58800000000005,2.38
287,butterworth,MY,2022-06-19 22:55:14,5.3991,100.3638,20,79,84.52400000000002,3.13
288,vardo,NO,2022-06-19 22:55:15,70.3705,31.1107,100,93,43.05199999999998,5.14
289,kidal,ML,2022-06-19 22:55:15,18.4411,1.4078,88,17,101.44399999999997,1.61
290,hutchinson,US,2022-06-19 22:53:16,38.0608,-97.9298,12,79,78.31400000000004,0.45
291,cherskiy,RU,2022-06-19 22:55:17,68.75,161.3,100,57,54.319999999999965,2.85
292,alamosa,US,2022-06-19 22:55:17,37.4695,-105.87,100,78,55.09399999999997,4.78
293,maniitsoq,GL,2022-06-19 22:55:18,65.4167,-52.9,99,90,41.46799999999998,2.64
294,asyut,EG,2022-06-19 22:55:19,27.181,31.1837,7,10,99.05,8.32
295,san pietro in casale,IT,2022-06-19 22:55:19,44.6996,11.4022,5,35,92.40800000000002,4.67
296,sioux lookout,CA,2022-06-19 22:55:20,50.1001,-91.917,75,67,57.542,4.12
297,iqaluit,CA,2022-06-19 22:55:21,63.7506,-68.5145,75,70,46.4,5.36
298,changji,CN,2022-06-19 22:55:22,44.0167,87.3167,0,28,83.46199999999996,4
299,salinopolis,BR,2022-06-19 22:55:22,-0.6136,-47.3561,100,69,84.41600000000001,5.07
300,acapulco,MX,2022-06-19 22:54:18,16.8634,-99.8901,100,85,78.80000000000001,2.73
301,lasa,IT,2022-06-19 22:55:24,46.6166,10.7002,27,51,83.96600000000001,2.16
302,kashary,RU,2022-06-19 22:55:24,49.04,41.0056,37,35,82.50800000000001,4.6
303,pacific grove,US,2022-06-19 22:51:14,36.6177,-121.9166,5,87,50.377999999999965,0.45
304,northam,GB,2022-06-19 22:55:25,51.0333,-4.2167,100,69,60.89000000000002,4.72
305,ifakara,TZ,2022-06-19 22:55:26,-8.1333,36.6833,42,37,84.63200000000002,1.45
306,tumannyy,,,,,,,,
307,tiarei,PF,2022-06-19 22:55:27,-17.5333,-149.3333,38,72,73.68800000000005,10.88
308,fort nelson,CA,2022-06-19 22:55:28,58.8053,-122.7002,40,100,46.25600000000003,1.54
309,umkomaas,ZA,2022-06-19 22:55:29,-30.2067,30.7978,77,76,67.94600000000005,6.86
310,tacoronte,ES,2022-06-19 22:55:30,28.4769,-16.4102,40,72,76.73000000000005,7.72
311,inarcs,HU,2022-06-19 22:55:30,47.262,19.327,0,28,90.14000000000001,3.56
312,prachuap khiri khan,TH,2022-06-19 22:55:31,12.2167,99.75,14,69,81.842,4.77
313,sataua,,,,,,,,
314,cayenne,GF,2022-06-19 22:55:32,4.9333,-52.3333,40,1,78.368,0
315,waipawa,NZ,2022-06-19 22:55:33,-41.4122,175.5153,98,77,46.13000000000004,7.16
316,qui nhon,VN,2022-06-19 22:55:34,13.7667,109.2333,100,86,83.20999999999998,5.49
317,nyurba,RU,2022-06-19 22:55:34,63.2842,118.3319,1,70,63.75199999999998,5.7
318,gravelbourg,CA,2022-06-19 22:55:35,49.8834,-106.5512,100,76,63.14000000000002,4.75
319,zolotinka,,,,,,,,
320,kropotkin,RU,2022-06-19 22:55:36,45.4375,40.5756,95,36,83.174,1.51
321,husavik,IS,2022-06-19 22:55:37,66.0449,-17.3389,100,51,61.37599999999999,3.57
322,ambilobe,MG,2022-06-19 22:55:38,-13.2,49.05,70,48,84.72200000000004,1.69
323,sadovoye,RU,2022-06-19 22:55:39,47.7764,44.5089,78,24,87.53000000000004,3.76
324,amurzet,RU,2022-06-19 22:55:39,47.6967,131.0981,1,74,61.43000000000004,2.86
325,virginia beach,US,2022-06-19 22:52:56,36.8529,-75.978,20,53,71.90600000000003,4.12
326,luanda,AO,2022-06-19 22:55:40,-8.8368,13.2343,75,61,77.26999999999995,3.09
327,taltal,CL,2022-06-19 22:55:41,-25.4,-70.4833,1,66,60.061999999999955,2.93
328,vallenar,CL,2022-06-19 22:55:42,-28.5708,-70.7581,0,56,56.156000000000034,0.72
329,freeport,US,2022-06-19 22:55:43,40.6576,-73.5832,16,57,62.24000000000002,2.24
330,eucaliptus,BO,2022-06-19 22:55:43,-17.5833,-67.5167,0,14,39.182000000000016,2.15
331,tiksi,RU,2022-06-19 22:55:44,71.6872,128.8694,100,95,35.582000000000015,9.84
332,voloshka,RU,2022-06-19 22:55:45,61.3314,40.0858,100,98,51.49399999999997,3.04
333,tarko-sale,RU,2022-06-19 22:55:45,64.9225,77.785,74,40,74.46199999999996,5.03
334,bredasdorp,ZA,2022-06-19 22:55:46,-34.5322,20.0403,41,60,59.846000000000046,3.86
335,viedma,AR,2022-06-19 22:55:47,-40.8135,-62.9967,100,58,46.49000000000002,6.61
336,ye,,,,,,,,
337,rawannawi,,,,,,,,
338,paiho,,,,,,,,
339,winnemucca,US,2022-06-19 22:55:49,40.973,-117.7357,0,61,46.72400000000001,2.06
340,kuyanovo,RU,2022-06-19 22:55:50,55.8014,54.5372,36,74,66.93800000000005,4.5
341,warrington,GB,2022-06-19 22:55:51,53.3925,-2.5802,75,68,63.08599999999997,6.17
342,kavaratti,IN,2022-06-19 22:55:51,10.5669,72.642,100,75,82.77799999999996,5.94
343,rakhiv,UA,2022-06-19 22:55:52,48.0526,24.2009,0,43,79.934,2.46
344,dzhebariki-khaya,RU,2022-06-19 22:55:53,62.2167,135.8,100,67,62.096000000000046,1.59
345,tazovskiy,RU,2022-06-19 22:55:53,67.4667,78.7,14,41,70.75399999999996,5.74
346,pyryatyn,UA,2022-06-19 22:55:54,50.2445,32.5107,9,45,78.20600000000003,3.52
347,berezovka,BY,2022-06-19 22:55:55,53.7214,25.4993,100,65,80.20399999999995,5.08
348,finnsnes,NO,2022-06-19 22:55:56,69.2296,17.9811,99,73,57.01999999999996,2.34
349,powell river,CA,2022-06-19 22:55:56,49.8496,-124.5361,100,95,58.351999999999975,1.94
350,comodoro rivadavia,AR,2022-06-19 22:55:57,-45.8667,-67.5,0,69,28.52599999999999,3.6
351,tevaitoa,PF,2022-06-19 22:55:58,-16.7833,-151.5,52,77,79.05199999999998,10.64
352,toktogul,KG,2022-06-19 22:55:58,41.8708,72.9402,29,51,74.37200000000004,0.56
353,vila do maio,CV,2022-06-19 22:55:59,15.1333,-23.2167,75,90,79.86199999999997,3.46
354,barsovo,RU,2022-06-19 22:56:00,61.1667,73.1667,100,37,80.99600000000005,1.36
355,tuggurt,,,,,,,,
356,temaraia,,,,,,,,
357,svetlaya,RU,2022-06-19 22:56:02,46.5389,138.3297,100,99,53.52799999999996,4.84
358,tiptur,IN,2022-06-19 22:56:02,13.2586,76.4783,100,78,75.88399999999999,2.51
359,mandera,KE,2022-06-19 22:56:03,3.9366,41.867,100,32,90.392,9.57
360,tsihombe,,,,,,,,
361,mahanoro,MG,2022-06-19 22:56:04,-19.9,48.8,94,87,70.15999999999998,3.26
362,del rio,US,2022-06-19 22:56:05,29.3627,-100.8968,1,78,77.28800000000004,6.08
363,san vicente,AR,2022-06-19 22:56:06,-26.6167,-54.1333,99,56,53.690000000000026,1.35
364,la palma,US,2022-06-19 22:56:06,33.8464,-118.0467,0,80,61.682000000000016,1.54
365,manicore,BR,2022-06-19 22:56:07,-5.8092,-61.3003,0,83,77.21600000000001,1.03
366,kodiak,US,2022-06-19 22:56:08,57.79,-152.4072,100,81,49.78399999999999,3.09
367,emerald,AU,2022-06-19 22:56:09,-23.5333,148.1667,60,67,56.89399999999998,3.09
368,korla,CN,2022-06-19 22:56:09,41.7597,86.1469,100,15,88.01600000000002,3.84
369,aitape,PG,2022-06-19 22:56:10,-3.1374,142.3475,3,85,78.90800000000002,2.04
370,saryozek,KZ,2022-06-19 22:56:11,44.3583,77.9753,61,27,80.95999999999998,0.61
371,astipalaia,,,,,,,,
372,coihaique,CL,2022-06-19 22:56:12,-45.5752,-72.0662,35,91,23.882000000000016,1.83
373,mogadishu,SO,2022-06-19 22:51:37,2.0371,45.3438,40,66,86.14399999999998,9.26
374,kitgum,UG,2022-06-19 22:56:13,3.2783,32.8867,95,69,76.1,2.52
375,isangel,VU,2022-06-19 22:56:14,-19.55,169.2667,100,94,66.57799999999997,1.03
376,faya,SA,2022-06-19 22:56:14,18.3851,42.4509,65,28,90.392,1.9
377,flinders,AU,2022-06-19 22:55:46,-34.5833,150.8552,100,89,56.443999999999974,0.45
378,ascension,US,2022-06-19 22:56:16,30.2169,-90.9001,0,78,85.334,2.06
379,koundara,GN,2022-06-19 22:56:16,12.4833,-13.3,99,52,88.37599999999999,4.68
380,ha tinh,VN,2022-06-19 22:56:17,18.3333,105.9,81,55,90.01400000000004,5.12
381,nexo,DK,2022-06-19 22:56:18,55.0607,15.1306,100,88,55.75999999999998,6.29
382,ormara,PK,2022-06-19 22:56:19,25.2088,64.6357,7,85,83.642,8.41
383,loncoche,CL,2022-06-19 22:56:19,-39.3667,-72.6333,100,97,43.98800000000004,1.63
384,mabaruma,GY,2022-06-19 22:56:20,8.2,-59.7833,52,93,78.13399999999999,2.4
385,cerro azul,MX,2022-06-19 22:56:21,21.2,-97.7333,45,86,74.39000000000001,1.43
386,san patricio,US,2022-06-19 22:56:21,28.017,-97.5169,58,81,86.16199999999995,2.41
387,luderitz,NA,2022-06-19 22:56:22,-26.6481,15.1594,16,61,62.924000000000014,8.33
388,taylorville,US,2022-06-19 22:56:23,39.5489,-89.2945,0,67,64.20199999999997,2.57
389,dunedin,NZ,2022-06-19 22:54:51,-45.8742,170.5036,100,87,45.067999999999984,1.79
390,ereymentau,KZ,2022-06-19 22:56:24,51.6199,73.1033,88,37,80.40199999999999,2.62
391,chekhov,RU,2022-06-19 22:56:25,55.1431,37.4711,83,61,73.61600000000001,8.27
392,maumere,ID,2022-06-19 22:56:26,-8.6199,122.2111,100,78,79.142,2.93
393,acajutla,SV,2022-06-19 22:56:26,13.5928,-89.8275,100,83,78.38599999999997,3.94
394,bocaiuva,BR,2022-06-19 22:56:27,-17.1078,-43.815,0,29,73.38200000000002,5.29
395,malakal,SS,2022-06-19 22:56:28,9.5334,31.6605,99,48,85.29800000000003,3.33
396,bitam,GA,2022-06-19 22:56:28,2.076,11.5007,75,78,77.32400000000001,1.18
397,alghero,IT,2022-06-19 22:56:29,40.5589,8.3181,0,33,88.15999999999998,4.63
398,alvaraes,BR,2022-06-19 22:56:30,-3.2208,-64.8042,60,58,75.34399999999997,1.2
399,guantanamo,CU,2022-06-19 22:56:31,20.1444,-75.2092,100,80,79.142,1.1
400,camp verde,US,2022-06-19 22:56:31,34.5636,-111.8543,5,80,69.74600000000005,2.69
401,mount isa,AU,2022-06-19 22:56:32,-20.7333,139.5,93,48,62.63599999999997,2.06
402,kazalinsk,,,,,,,,
403,baft,IR,2022-06-19 22:56:33,29.234,56.6057,0,6,87.54800000000003,7.1
404,saint-joseph,RE,2022-06-19 22:56:34,-21.3667,55.6167,13,73,74.04800000000003,5.41
405,artyom,AZ,2022-06-19 22:56:35,40.4723,50.333,0,51,84.61400000000003,3.9
406,belgrade,RS,2022-06-19 22:56:35,44.804,20.4651,0,29,88.66400000000004,3.6
407,barbar,,,,,,,,
408,portland,US,2022-06-19 22:46:31,45.5234,-122.6762,100,94,54.877999999999965,2.06
409,brokopondo,SR,2022-06-19 22:56:37,4.75,-55.1667,100,85,78.40399999999995,2.43
410,mahibadhoo,MV,2022-06-19 22:56:38,3.7833,72.9667,98,71,83.93000000000004,5.35
411,qeshm,IR,2022-06-19 22:56:39,26.9581,56.2719,0,63,102.36199999999995,4.5
412,soyo,AO,2022-06-19 22:56:39,-6.1349,12.3689,13,67,77.50399999999996,4.81
413,saint-pierre,RE,2022-06-19 22:56:40,-21.3393,55.4781,0,60,75.14600000000004,5.66
414,mayo,US,2022-06-19 22:56:41,38.8876,-76.5119,0,53,66.61400000000003,4.92
415,attawapiskat,,,,,,,,
416,vila franca do campo,PT,2022-06-19 22:56:42,37.7167,-25.4333,52,72,68.684,5.67
417,beloha,MG,2022-06-19 22:56:43,-25.1667,45.05,35,56,71.25800000000001,6.4
418,namibe,AO,2022-06-19 22:56:43,-15.1961,12.1522,75,64,68.9,8.23
419,alyangula,AU,2022-06-19 22:56:44,-13.8483,136.4192,0,88,72.842,3.5
420,arlit,NE,2022-06-19 22:56:45,18.7369,7.3853,6,12,104.52200000000003,1.83
421,sao joao da barra,BR,2022-06-19 22:56:45,-21.6403,-41.0511,100,77,68.35999999999999,5.58
422,aykhal,RU,2022-06-19 22:56:46,66,111.5,7,49,51.475999999999985,7.68
423,lodwar,KE,2022-06-19 22:56:47,3.1191,35.5973,76,33,91.11199999999997,3.39
424,yerbogachen,RU,2022-06-19 22:56:48,61.2767,108.0108,100,78,63.98599999999997,3.42
425,hervey bay,AU,2022-06-19 22:56:48,-25.2986,152.8535,19,89,60.29600000000005,3.13
426,cabedelo,BR,2022-06-19 22:56:49,-6.9811,-34.8339,92,67,83.33599999999997,4.88
427,dhone,IN,2022-06-19 22:56:50,15.4167,77.8833,100,45,90.734,3.07
428,asau,RO,2022-06-19 22:56:50,46.4333,26.4,6,42,78.54800000000003,2.8
429,uige,AO,2022-06-19 22:56:51,-7.6087,15.0613,40,64,73.68800000000005,2.06
430,maningrida,AU,2022-06-19 22:56:52,-12.0667,134.2667,7,73,74.28200000000001,4.44
431,hobyo,SO,2022-06-19 22:56:53,5.3505,48.5268,5,63,83.15600000000003,14.24
432,taoudenni,ML,2022-06-19 22:56:53,22.6783,-3.9836,100,25,99.53599999999997,3.87
433,ahipara,NZ,2022-06-19 22:56:54,-35.1667,173.1667,100,89,57.14600000000005,4.07
434,kysyl-syr,RU,2022-06-19 22:56:55,63.8986,122.7617,5,76,60.656000000000034,5.29
435,bambari,CF,2022-06-19 22:56:55,5.768,20.6757,99,73,78.33200000000002,1.86
436,touros,BR,2022-06-19 22:56:56,-5.1989,-35.4608,12,63,84.326,5.77
437,san carlos del zulia,VE,2022-06-19 22:56:57,9,-71.9135,100,91,76.64000000000001,0.81
438,svetlogorsk,BY,2022-06-19 22:56:58,52.6333,29.7333,57,50,82.72400000000002,6.17
439,zhigansk,RU,2022-06-19 22:56:58,66.7697,123.3711,97,57,49.62200000000004,5.9
440,falam,MM,2022-06-19 22:56:59,22.9167,93.6833,100,94,62.725999999999985,1.6
441,goryachegorsk,RU,2022-06-19 22:57:00,55.4053,88.9154,75,92,60.475999999999985,0.88
442,varkaus,FI,2022-06-19 22:57:01,62.3153,27.873,86,64,55.58000000000004,5.44
443,thinadhoo,MV,2022-06-19 22:57:01,0.5333,72.9333,91,69,83.87599999999999,3.28
444,constitucion,CL,2022-06-19 22:57:02,-35.3333,-72.4167,100,57,51.458000000000006,1.58
445,sheltozero,RU,2022-06-19 22:57:03,61.3667,35.3667,73,76,59.917999999999985,3.14
446,hambantota,LK,2022-06-19 22:57:03,6.1241,81.1185,20,79,84.81199999999995,5.14
447,praia da vitoria,PT,2022-06-19 22:54:01,38.7333,-27.0667,75,77,64.92200000000004,8.03
448,oistins,BB,2022-06-19 22:57:05,13.0667,-59.5333,75,65,84.55999999999997,9.26
449,kaka,TM,2022-06-19 22:57:05,37.3482,59.6143,82,27,91.79600000000005,7.48
450,orvault,FR,2022-06-19 22:57:06,47.271,-1.6219,100,74,78.22400000000002,4.63
451,yumen,CN,2022-06-19 22:57:07,40.2833,97.2,100,20,80.38399999999999,5.67
452,azua,DO,2022-06-19 22:57:08,18.4532,-70.7349,79,53,72.66199999999995,0.87
453,pedana,IN,2022-06-19 22:57:08,16.2667,81.1667,100,70,91.85,6.07
454,prescott,US,2022-06-19 22:57:09,34.54,-112.4685,0,46,61.32200000000004,3.03
455,esperance,AU,2022-06-19 22:57:10,-33.8667,121.9,100,67,53.708000000000006,8.07
456,silver city,US,2022-06-19 22:57:10,32.7701,-108.2803,75,69,66.95600000000003,2.57
457,mezen,RU,2022-06-19 22:57:11,65.8522,44.24,62,49,57.992,1.34
458,mamakan,RU,2022-06-19 22:57:12,57.8161,114.0028,99,71,64.23800000000006,1.18
459,cham,DE,2022-06-19 22:56:17,49.245,12.6825,0,40,93.97400000000002,3.41
460,paamiut,GL,2022-06-19 22:57:13,61.994,-49.6678,100,99,39.70399999999995,1.42
461,ulaanbaatar,MN,2022-06-19 22:53:18,47.9077,106.8832,75,82,55.79600000000005,6
462,rehoboth,NA,2022-06-19 22:57:14,-23.3167,17.0833,0,18,73.09399999999997,10.24
463,muscat,OM,2022-06-19 22:57:15,23.6139,58.5922,0,61,92.13800000000005,0.38
464,port lincoln,AU,2022-06-19 22:57:16,-34.7333,135.8667,100,71,59.09000000000002,8.42
465,gergebil,RU,2022-06-19 22:57:16,42.5047,47.0661,78,55,76.19000000000003,1.94
466,birjand,IR,2022-06-19 22:54:48,32.8663,59.2211,20,11,92.13800000000005,9.26
467,beira,MZ,2022-06-19 22:57:18,-19.8436,34.8389,20,61,79.15999999999998,5.66
468,tecoanapa,MX,2022-06-19 22:57:19,16.5167,-98.75,100,83,78.18800000000005,1.43
469,trelleborg,SE,2022-06-19 22:57:20,55.3751,13.1569,100,81,57.25399999999995,1.65
470,padang,ID,2022-06-19 22:57:20,-0.9492,100.3543,100,86,75.52400000000002,1.11
471,nouakchott,MR,2022-06-19 22:57:21,18.0858,-15.9785,100,80,84.39800000000002,6.44
472,khasan,RU,2022-06-19 22:57:22,42.4308,130.6434,100,78,67.71199999999996,2.7
473,ta khmau,KH,2022-06-19 22:57:23,11.4833,104.95,40,83,80.924,1.03
474,soure,BR,2022-06-19 22:57:23,-0.7167,-48.5233,98,80,81.87799999999996,4.22
475,teahupoo,PF,2022-06-19 22:57:24,-17.8333,-149.2667,27,72,68.234,9.77
476,kalmar,SE,2022-06-19 22:57:25,56.6616,16.3616,100,88,60.42200000000004,3.21
477,valparaiso,CL,2022-06-19 22:57:25,-33.0393,-71.6273,0,80,52.75399999999995,1.54
478,paradwip,,,,,,,,
479,blairmore,CA,2022-06-19 22:57:27,49.6,-114.4353,99,88,52.79000000000002,2.7
480,leo,BF,2022-06-19 22:57:27,11.1,-2.1,34,45,89.40199999999999,1.76
481,veraval,IN,2022-06-19 22:57:28,20.9,70.3667,100,74,86.45,6.34
482,batemans bay,AU,2022-06-19 22:57:29,-35.7167,150.1833,100,85,56.37200000000004,0.94
483,khilok,RU,2022-06-19 22:57:30,51.3674,110.4676,100,98,53.13200000000002,1.95
484,kampong thum,KH,2022-06-19 22:57:30,12.7111,104.8887,67,67,85.04600000000005,1.62
485,shu,KZ,2022-06-19 22:57:31,43.5983,73.7614,2,14,92.04800000000003,3.97
486,puerto colombia,CO,2022-06-19 22:57:32,10.9878,-74.9547,99,78,77.35999999999999,2.32
487,yala,TH,2022-06-19 22:57:32,6.3333,101.25,94,96,75.72200000000004,1.67
488,jalu,LY,2022-06-19 22:57:33,29.0331,21.5482,0,14,95.63000000000005,3.25
489,ust-kut,RU,2022-06-19 22:55:28,56.7938,105.7672,58,89,60.674000000000014,1.36
490,williston,US,2022-06-19 22:57:05,48.147,-103.618,55,87,73.076,1.79
491,bayir,TR,2022-06-19 22:57:35,37.2687,28.2167,21,36,84.99199999999999,3.26
492,banyo,CM,2022-06-19 22:57:36,6.75,11.8167,100,63,77.28800000000004,2.21
493,lokosovo,RU,2022-06-19 22:57:36,61.1333,74.8167,93,40,76.98200000000003,0.85
494,diffa,NE,2022-06-19 22:57:37,13.3154,12.6113,77,21,102.72200000000004,3.7
495,margate,GB,2022-06-19 22:57:38,51.3813,1.3862,100,73,61.969999999999956,1.79
496,tual,ID,2022-06-19 22:57:38,-5.6667,132.75,92,81,81.06799999999998,7.22
497,wau,SS,2022-06-19 22:57:39,7.7029,27.9953,100,42,89.49199999999999,3.25
498,iacobeni,RO,2022-06-19 22:57:40,47.4333,25.3167,9,39,73.30999999999997,1.75
499,belmonte,BR,2022-06-19 22:57:41,-15.8631,-38.8828,5,65,77.80999999999997,2.49
500,chumikan,RU,2022-06-19 22:57:41,54.7183,135.315,90,95,44.52799999999996,2.07
501,harper,LR,2022-06-19 22:57:42,4.375,-7.7169,100,75,80.67200000000004,2.43
502,santa rosa,PH,2022-06-19 22:57:43,14.3122,121.1114,11,81,81.37400000000002,2.72
503,teguldet,RU,2022-06-19 22:57:44,57.3064,88.1667,80,92,64.75999999999999,0.53
504,oranjemund,NA,2022-06-19 22:57:44,-28.55,16.4333,58,52,62.906000000000034,6.27
505,dakoro,NE,2022-06-19 22:57:45,14.5106,6.765,9,23,100.11199999999995,3.46
506,seymchan,RU,2022-06-19 22:57:46,62.8833,152.4333,13,72,50.233999999999995,2.17
507,mys shmidta,,,,,,,,
508,chany,RU,2022-06-19 22:57:47,55.3121,76.7647,22,77,71.36600000000001,3.01
509,kundiawa,PG,2022-06-19 22:57:48,-6.0167,144.9667,42,98,60.83599999999997,1.38
510,high level,CA,2022-06-19 22:57:48,58.5169,-117.136,100,100,55.77799999999996,2.57
511,mehamn,NO,2022-06-19 22:57:49,71.0357,27.8492,100,81,44.81600000000001,3.6
512,cap malheureux,MU,2022-06-19 22:57:50,-19.9842,57.6142,37,64,74.73200000000003,2.24
513,nizhneyansk,,,,,,,,
514,nagato,JP,2022-06-19 22:57:51,34.3833,131.2,100,92,72.31999999999996,2.15
515,natal,BR,2022-06-19 22:56:16,-5.795,-35.2094,20,70,86.48599999999996,5.14
516,virtsu,EE,2022-06-19 22:57:52,58.5716,23.5115,95,76,66.326,5.53
517,yar-sale,RU,2022-06-19 22:57:53,66.8333,70.8333,100,30,77.234,6.84
518,bardiyah,LY,2022-06-19 22:57:54,31.7561,25.0865,0,50,81.37400000000002,8.5
519,tambura,SS,2022-06-19 22:57:54,5.6,27.4667,100,74,75.66799999999998,1.64
520,auki,SB,2022-06-19 22:57:55,-8.7676,160.7034,9,87,76.55000000000001,1.57
521,wasilla,US,2022-06-19 22:57:56,61.5814,-149.4394,100,82,52.44800000000002,1.15
522,champerico,GT,2022-06-19 22:57:56,14.3,-91.9167,98,86,74.20999999999998,4.37
523,tuy hoa,VN,2022-06-19 22:55:11,13.0833,109.3,98,75,78.15199999999999,5.38
524,lulea,SE,2022-06-19 22:57:58,65.5842,22.1547,0,63,61.141999999999996,2.57
525,empangeni,ZA,2022-06-19 22:57:58,-28.762,31.8933,32,68,70.17799999999997,5.22
526,naduvattam,IN,2022-06-19 22:57:59,11.4833,76.5667,100,96,59.63000000000004,1.88
527,uhlove,UA,2022-06-19 22:58:00,44.8215,33.6045,41,59,74.01199999999996,4.56
528,broome,US,2022-06-19 22:58:01,42.2506,-75.833,0,65,57.16400000000003,2.68
529,komsomolskiy,UZ,2022-06-19 22:58:01,40.4272,71.7189,23,14,92.39000000000001,3.09
530,morro bay,US,2022-06-19 22:58:02,35.3658,-120.8499,0,90,51.601999999999975,2.74
531,griffith,US,2022-06-19 22:57:17,41.5284,-87.4237,0,71,67.26199999999996,0.45
532,coquimbo,CL,2022-06-19 22:58:03,-29.9533,-71.3436,100,82,53.6,1.03
533,siddharthanagar,NP,2022-06-19 22:58:04,27.5,83.45,35,23,102.74000000000002,5.15
534,adrar,MR,2022-06-19 22:58:05,20.5022,-10.0711,54,35,93.55999999999997,3.64
535,praya,CV,2022-06-19 22:58:05,14.9215,-23.5087,75,73,79.60999999999999,6.69
536,san cristobal,VE,2022-06-19 22:58:06,7.7669,-72.225,100,95,70.25,1.88
537,ullal,IN,2022-06-19 22:58:07,12.8,74.85,40,78,83.62400000000002,3.6
538,bidar,IN,2022-06-19 22:58:08,17.9,77.55,100,47,88.73599999999996,1.77
539,kargasok,RU,2022-06-19 22:58:08,59.0556,80.8572,24,67,73.058,2
540,visnes,NO,2022-06-19 22:58:09,59.3556,5.2242,75,67,57.524000000000015,2.06
541,sisimiut,GL,2022-06-19 22:58:10,66.9395,-53.6735,15,62,44.167999999999985,3.9
542,nuevo progreso,MX,2022-06-19 22:58:10,23.1667,-97.95,96,82,77.73800000000006,0.12
543,port-gentil,GA,2022-06-19 22:58:11,-0.7193,8.7815,20,69,80.834,6.69
544,ayagoz,KZ,2022-06-19 22:58:12,47.9714,80.4392,31,42,74.01199999999996,2.81
545,young,UY,2022-06-19 22:58:13,-32.6833,-57.6333,1,55,46.66999999999996,4.35
546,salalah,OM,2022-06-19 22:58:13,17.0151,54.0924,85,82,84.326,4.54
547,yelan,RU,2022-06-19 22:58:14,50.949,43.7378,23,56,74.48000000000005,5.62
548,yaan,NG,2022-06-19 22:58:15,7.3833,8.5667,89,53,88.25,1.58
549,ucluelet,CA,2022-06-19 22:58:16,48.9329,-125.5528,100,90,54.35600000000003,2.02
550,kununurra,AU,2022-06-19 22:58:16,-15.7667,128.7333,93,67,62.851999999999975,0
551,hirara,JP,2022-06-19 22:58:17,24.8,125.2833,80,86,82.88599999999997,6.05
552,mareeba,AU,2022-06-19 22:58:18,-17,145.4333,0,96,65.39000000000001,1.25
553,hay river,CA,2022-06-19 22:58:18,60.8156,-115.7999,75,81,50.25199999999998,2.06
554,bargal,,,,,,,,
555,sao lourenco do sul,BR,2022-06-19 22:58:20,-31.3653,-51.9783,17,58,48.667999999999985,2.75
556,vanavara,RU,2022-06-19 22:58:20,60.34,102.2797,100,96,57.01999999999996,0.35
557,xichang,CN,2022-06-19 22:58:21,27.8964,102.2634,100,86,71.11400000000003,1.99
558,egvekinot,RU,2022-06-19 22:58:22,66.3167,-179.1667,51,95,37.435999999999964,1.17
559,okhotsk,RU,2022-06-19 22:58:23,59.3833,143.3,95,95,42.69199999999999,2.72
560,pinega,RU,2022-06-19 22:58:23,64.7001,43.3936,100,65,58.567999999999984,1.27
561,nouadhibou,MR,2022-06-19 22:58:24,20.931,-17.0347,68,61,84.45199999999997,2.57
562,south venice,US,2022-06-19 22:58:25,27.0531,-82.4243,40,81,86.25199999999998,3.13
563,spiridonovka,RU,2022-06-19 22:58:25,53.0925,50.6462,99,53,72.28399999999999,3.1
564,niles,US,2022-06-19 22:58:26,42.0189,-87.8028,5,68,66.75800000000001,0.45
565,coihueco,CL,2022-06-19 22:58:27,-36.6167,-71.8333,100,100,40.208000000000006,1.54
566,suvorovo,BG,2022-06-19 22:58:28,43.3333,27.6,72,48,76.96400000000003,4.97
567,shingu,JP,2022-06-19 22:58:28,33.7333,135.9833,100,94,71.20399999999995,2.48
568,kharp,RU,2022-06-19 22:58:29,66.8014,65.8081,100,67,65.55199999999998,2.15
569,londoko,RU,2022-06-19 22:58:30,49.0333,131.9833,100,63,62.492,1.21
570,marawi,PH,2022-06-19 22:58:31,7.9986,124.2928,100,92,70.43000000000004,0.68
571,san carlos,VE,2022-06-19 22:58:32,9.6612,-68.5827,64,81,78.60199999999998,1.15
572,prainha,BR,2022-06-19 22:58:32,-1.8,-53.48,100,73,80.43800000000005,2.01
573,saquisili,EC,2022-06-19 22:58:33,-0.8333,-78.6667,75,98,53.6,0.51
574,santa maria,BR,2022-06-19 22:55:20,-29.6842,-53.8069,11,87,40.567999999999984,1.54
575,erie,US,2022-06-19 22:58:34,42.7667,-78.6664,94,56,58.38800000000005,2.24
576,dzhusaly,,,,,,,,
577,shuyskoye,RU,2022-06-19 22:58:36,59.3736,41.0305,100,97,57.398000000000025,2.94
578,solwezi,ZM,2022-06-19 22:58:36,-12.1688,26.3894,15,24,79.15999999999998,2.03
579,santiago,CL,2022-06-19 22:53:21,-33.4569,-70.6483,100,56,53.13200000000002,2.06
580,miraflores,MX,2022-06-19 22:58:37,19.2167,-98.8083,61,86,58.29800000000003,1.45
581,mitsamiouli,KM,2022-06-19 22:58:38,-11.3847,43.2844,40,70,78.65600000000003,4.94
582,lakes entrance,AU,2022-06-19 22:58:39,-37.8811,147.981,100,77,49.946000000000055,3.86
583,san pedro,PH,2022-06-19 22:58:40,14.35,121.0167,40,86,80.618,1.54
584,aktau,KZ,2022-06-19 22:58:40,43.65,51.2,6,46,85.04600000000005,7.41
585,souillac,MU,2022-06-19 22:58:41,-20.5167,57.5167,75,68,74.04800000000003,5.66
586,sarangani,PH,2022-06-19 22:58:42,5.4033,125.4636,71,68,84.542,1.69
587,kuloy,RU,2022-06-19 22:58:42,61.0305,42.4925,100,94,52.28599999999997,2.57
588,vanimo,PG,2022-06-19 22:58:43,-2.6741,141.3028,33,87,78.70999999999998,2.38
589,masjed-e soleyman,,,,,,,,
590,los llanos de aridane,ES,2022-06-19 22:58:44,28.6585,-17.9182,40,83,72.392,5.66
591,divnomorskoye,RU,2022-06-19 22:58:45,44.5011,38.1353,61,43,83.33599999999997,3.81
592,magadan,RU,2022-06-19 22:58:46,59.5667,150.8,100,97,45.806000000000026,2.11
593,caconde,BR,2022-06-19 22:58:46,-21.5294,-46.6439,100,75,65.56999999999996,3.71
594,torrevieja,ES,2022-06-19 22:58:47,37.9787,-0.6822,0,68,97.98800000000004,4.02
595,batagay-alyta,RU,2022-06-19 22:58:48,67.8006,130.4114,35,53,52.358000000000004,6.7
596,himora,,,,,,,,
597,sao filipe,CV,2022-06-19 22:58:49,14.8961,-24.4956,55,88,74.858,2.97
598,zhoucun,CN,2022-06-19 22:58:50,36.8167,117.8167,3,47,84.75800000000001,2.14
599,maldonado,UY,2022-06-19 22:58:51,-34.6667,-54.9167,55,52,49.658,6.18
600,little current,CA,2022-06-19 22:58:51,45.9793,-81.9248,100,57,58.67599999999999,2.28
601,iralaya,HN,2022-06-19 22:58:52,15,-83.2333,100,85,79.34000000000003,5.77
602,kedrovyy,RU,2022-06-19 22:58:53,56.1667,91.8167,19,94,61.483999999999995,0.93
603,havre-saint-pierre,CA,2022-06-19 22:58:53,50.2334,-63.5986,100,93,45.23000000000004,7.72
604,itupiranga,BR,2022-06-19 22:58:54,-5.1347,-49.3267,44,56,82.99399999999997,1.83
605,suntar,RU,2022-06-19 22:58:55,62.1444,117.6319,100,57,68.37799999999996,2.05
606,kinshasa,CD,2022-06-19 22:58:56,-4.3246,15.3215,82,35,90.98599999999996,0.99
607,afyonkarahisar,TR,2022-06-19 22:58:56,38.75,30.6667,14,47,76.87400000000002,4.65
608,svetlyy,RU,2022-06-19 22:58:57,54.675,20.1347,97,87,66.52400000000002,5.04
609,aswan,EG,2022-06-19 22:58:58,24.0934,32.907,0,11,106.73599999999998,5.58
610,artyk,,,,,,,,
611,ballina,AU,2022-06-19 22:55:12,-28.8667,153.5667,60,99,58.280000000000044,4.21
612,tezu,IN,2022-06-19 22:58:59,27.9167,96.1667,100,90,75.05600000000004,1.3
613,maryborough,AU,2022-06-19 22:55:33,-25.5333,152.7,57,92,61.37599999999999,1.95
614,honiara,SB,2022-06-19 22:59:01,-9.4333,159.95,9,88,77.09000000000003,1.62
615,sur,OM,2022-06-19 22:59:01,22.5667,59.5289,0,55,94.118,0.72
616,arrecife,ES,2022-06-19 22:55:11,28.963,-13.5477,20,57,79.05199999999998,8.23
617,vaitupu,,,,,,,,
618,lucea,JM,2022-06-19 22:59:03,18.451,-78.1736,100,70,80.726,3.23
619,bongaree,AU,2022-06-19 22:59:04,-27.0797,153.1586,79,81,61.32200000000004,5.91
620,mentok,,,,,,,,
621,australind,AU,2022-06-19 22:59:05,-33.2667,115.7167,100,71,58.280000000000044,2.4
622,riyadh,SA,2022-06-19 22:56:02,24.6877,46.7219,4,4,113.41400000000003,2.91
623,wernigerode,DE,2022-06-19 22:59:06,51.8333,10.7833,84,48,78.98000000000005,4.67
624,borogontsy,RU,2022-06-19 22:59:07,62.6683,131.1683,100,67,62.851999999999975,2.38
625,puerto del rosario,ES,2022-06-19 22:59:08,28.5004,-13.8627,20,73,75.21799999999999,8.75
626,buqayq,,,,,,,,
627,vao,NC,2022-06-19 22:59:09,-22.6667,167.4833,100,75,71.33000000000004,8.86
628,bayan,CN,2022-06-19 22:59:09,46.0833,127.4,52,50,68.59399999999997,1.33
629,leh,IN,2022-06-19 22:59:10,34.1667,77.5833,96,30,58.693999999999974,2.07
630,barcelos,PT,2022-06-19 22:59:11,41.5388,-8.6151,67,62,69.18800000000005,4.08
631,karaton,ID,2022-06-19 22:59:12,-6.3424,106.1045,99,88,75.34399999999997,0.7
632,hailar,CN,2022-06-19 22:59:12,49.2,119.7,100,73,65.03000000000004,5.47
633,guanica,PR,2022-06-19 22:56:55,17.9716,-66.908,68,67,86.30600000000004,5.35
634,kutum,SD,2022-06-19 22:59:14,14.2,24.6667,83,14,92.10199999999998,3.58
635,vestmannaeyjar,IS,2022-06-19 22:59:14,63.4427,-20.2734,100,97,49.73000000000005,3.52
636,galle,LK,2022-06-19 22:59:15,6.0367,80.217,86,78,81.59000000000003,4.3
637,maceio,BR,2022-06-19 22:59:16,-9.6658,-35.7353,75,69,82.11199999999997,3.09
638,mount pleasant,US,2022-06-19 22:55:55,32.7941,-79.8626,0,60,76.334,3.6
639,owando,CG,2022-06-19 22:59:17,-0.4819,15.8999,92,47,87.11600000000001,1.19
640,shemonaikha,KZ,2022-06-19 22:59:18,50.6328,81.9056,40,79,64.63399999999999,2.11
641,houma,US,2022-06-19 22:59:18,29.5958,-90.7195,13,87,84.27200000000005,1.34
642,zhob,PK,2022-06-19 22:59:19,31.3411,69.4481,96,45,80.15,5.17
643,tabas,IR,2022-06-19 22:59:20,33.5959,56.9244,0,11,106.28599999999997,2.06
644,sheffield lake,US,2022-06-19 22:59:21,41.4875,-82.1015,49,68,66.18200000000002,1.79
645,porto seguro,BR,2022-06-19 22:59:21,-16.4497,-39.0647,40,88,74.19200000000001,2.57
646,yebaishou,CN,2022-06-19 22:59:22,41.3975,119.6408,0,76,74.71400000000003,2.44
647,sibolga,ID,2022-06-19 22:59:23,1.7427,98.7792,100,84,78.20600000000003,1.03
648,baykit,RU,2022-06-19 22:59:23,61.67,96.37,100,64,69.42200000000004,2.27
649,general pico,AR,2022-06-19 22:59:24,-35.6566,-63.7568,100,31,49.29800000000003,1.89
650,lorengau,PG,2022-06-19 22:59:25,-2.0226,147.2712,14,74,80.74399999999997,2.64
651,lolua,,,,,,,,
652,kiama,AU,2022-06-19 22:59:26,-34.6833,150.8667,100,92,60.27799999999996,0.89
653,abalak,RU,2022-06-19 22:59:27,58.1286,68.5944,92,63,73.976,1.78
654,reichenau,PL,2022-06-19 22:59:28,50.9075,14.9563,0,30,95.01799999999999,3.58
655,pangody,RU,2022-06-19 22:59:28,65.85,74.4859,73,36,77.26999999999995,6.94
656,kangaatsiaq,GL,2022-06-19 22:59:29,68.3065,-53.4641,21,85,35.74399999999997,5.33
657,santa eulalia del rio,,,,,,,,
658,khandyga,RU,2022-06-19 22:59:30,62.6667,135.6,100,69,63.23000000000005,1.53
659,moba,CN,2022-06-19 22:59:31,33.2288,105.0179,86,80,65.15600000000003,1.58
660,nelson bay,AU,2022-06-19 22:59:32,-32.7167,152.15,100,96,57.272000000000034,3.34
661,yagodnoye,RU,2022-06-19 22:59:32,62.55,149.6667,36,74,50.917999999999985,0.8
662,sorland,NO,2022-06-19 22:59:33,67.667,12.6934,15,76,53.725999999999985,2.32
663,new amsterdam,GY,2022-06-19 22:59:34,6.25,-57.5167,100,93,78.04399999999998,2.57
664,shelburne,CA,2022-06-19 22:59:04,44.0787,-80.2041,37,45,53.50999999999998,5.1
665,wazzan,,,,,,,,
666,brae,GB,2022-06-19 22:59:36,60.3964,-1.353,22,78,55.32799999999996,7.27
667,liverpool,GB,2022-06-19 22:59:36,53.4106,-2.9779,75,72,62.924000000000014,6.17
668,jinka,ET,2022-06-19 22:59:37,5.65,36.65,100,64,70.89800000000002,2.19
669,clarence town,AU,2022-06-19 22:59:38,-32.5833,151.7833,100,95,57.127999999999965,1.08
670,kloulklubed,PW,2022-06-19 22:59:39,7.0419,134.2556,100,68,84.07400000000001,1.67
671,mecca,SA,2022-06-19 22:58:47,21.4267,39.8261,58,25,104.07200000000005,6.09
672,am timan,TD,2022-06-19 22:59:40,11.0297,20.2827,87,33,96.42200000000004,2.39
673,balaipungut,ID,2022-06-19 22:59:40,1.05,101.2833,100,96,76.17200000000004,1.27
674,san carlos de bariloche,AR,2022-06-19 22:55:35,-41.1456,-71.3082,75,93,37.417999999999985,2.57
675,honningsvag,NO,2022-06-19 22:59:42,70.9821,25.9704,100,87,42.817999999999984,7.72
676,brigantine,US,2022-06-19 22:59:42,39.4101,-74.3646,1,54,64.47200000000004,8.63
677,solsona,ES,2022-06-19 22:59:43,41.994,1.5171,0,20,89.29399999999998,7.22
678,beyneu,KZ,2022-06-19 22:59:44,45.3167,55.2,72,22,87.04399999999998,10.1
679,shache,CN,2022-06-19 22:59:45,38.4167,77.2406,100,35,76.45999999999998,7.69
680,trat,TH,2022-06-19 22:59:45,12.5,102.5,63,87,79.77200000000005,1.03
681,manzil tamim,,,,,,,,
682,port hardy,CA,2022-06-19 22:59:04,50.6996,-127.4199,100,87,52.25,1.03
683,hashtrud,IR,2022-06-19 22:59:47,37.4779,47.0508,5,13,91.74199999999999,7.31
684,caxias,PT,2022-06-19 22:59:48,38.7031,-9.2767,40,62,75.74000000000002,5.14
685,okato,NZ,2022-06-19 22:59:48,-39.2,173.8833,100,81,50.18000000000004,14.31
686,rocha,UY,2022-06-19 22:59:49,-34.4833,-54.3333,22,52,50.95399999999995,4.36
687,igbo ora,NG,2022-06-19 22:59:50,7.4333,3.2833,89,65,84.68599999999998,1.67
688,palanga,LT,2022-06-19 22:59:51,55.9175,21.0686,0,88,55.688000000000045,1.54
689,klyuchi,RU,2022-06-19 22:59:51,52.2667,79.1667,67,46,75.75800000000001,4.01
690,ostrovnoy,RU,2022-06-19 22:59:52,68.0531,39.5131,100,97,43.46600000000001,3.75
691,winchester,GB,2022-06-19 22:59:53,51.0651,-1.3187,20,50,67.49600000000005,5.66
692,loiza,PR,2022-06-19 22:59:53,18.4313,-65.8802,13,77,85.118,6.28
693,la presa,US,2022-06-19 22:59:54,32.7081,-116.9973,0,86,59.09000000000002,0.25
694,grand island,US,2022-06-19 22:57:36,40.925,-98.342,0,78,79.28599999999997,2.24
695,parabel,RU,2022-06-19 22:59:55,58.6978,81.4825,78,76,69.69200000000001,1.6
696,toora-khem,RU,2022-06-19 22:59:56,52.4675,96.11,100,93,54.067999999999984,2.63
